{
  "globals": {
    "axiosReq": true,
    "computed": true,
    "createApp": true,
    "createLogger": true,
    "createNamespacedHelpers": true,
    "createStore": true,
    "customRef": true,
    "defineAsyncComponent": true,
    "defineComponent": true,
    "effectScope": true,
    "EffectScope": true,
    "getCurrentInstance": true,
    "getCurrentScope": true,
    "h": true,
    "inject": true,
    "isReadonly": true,
    "isRef": true,
    "mapActions": true,
    "mapGetters": true,
    "mapMutations": true,
    "mapState": true,
    "markRaw": true,
    "nextTick": true,
    "onActivated": true,
    "onBeforeMount": true,
    "onBeforeUnmount": true,
    "onBeforeUpdate": true,
    "onDeactivated": true,
    "onErrorCaptured": true,
    "onMounted": true,
    "onRenderTracked": true,
    "onRenderTriggered": true,
    "onScopeDispose": true,
    "onServerPrefetch": true,
    "onUnmounted": true,
    "onUpdated": true,
    "provide": true,
    "reactive": true,
    "readonly": true,
    "ref": true,
    "resolveComponent": true,
    "shallowReactive": true,
    "shallowReadonly": true,
    "shallowRef": true,
    "toRaw": true,
    "toRef": true,
    "toRefs": true,
    "triggerRef": true,
    "unref": true,
    "useAttrs": true,
    "useCommon": true,
    "useCssModule": true,
    "useCssVars": true,
    "useElement": true,
    "useRoute": true,
    "useRouter": true,
    "useSlots": true,
    "useStore": true,
    "useVueRouter": true,
    "watch": true,
    "watchEffect": true
  }
}